no,vrtt,cwndlevel,value
1,0.20,0.50,0.600000
1,0.30,0.50,0.500000
1,0.40,0.50,0.500000
1,0.50,0.50,0.400000
1,0.60,0.50,0.300000
